Confidence_Level,Alpha,Portfolio_TVaR_GBPk,PropCat_XL_Allocation,Specialty_Casualty_Allocation,Marine_Hull_Cargo_Allocation,Political_Violence_Allocation,Energy_Allocation,Cyber_Allocation,Capital_Scaling_Factor
95.0%,0.95,246291.58903420944,85223.84102204078,19895.990206982093,21415.50348593298,74800.17617684345,38366.23643149886,6589.841710911247,0.24835982834865888
99.0%,0.99,630385.0234776037,241310.31522050317,17662.38067127456,21969.331509506344,297822.0889735724,44744.0633534023,6876.843749344984,0.6356786962900172
99.5%,0.995,991672.408021051,364838.36691333697,16471.117674967154,19809.46463013421,542935.6197474255,41023.15662381069,6594.682431376149,1.0
99.6%,0.996,1153076.7477496604,414215.8963484524,16530.549318348163,18696.023666676,658359.4915534105,38440.64510129739,6834.141761475593,1.162759736403983
99.9%,0.999,3010680.826150677,858920.8430901016,15788.686739873143,17487.502547454038,2080818.5019700136,30663.629800204766,7001.662003030305,3.035963088010781
