LoB,RI_Premium,Expected_Recovery,Cost_Benefit_Ratio,Gross_TVaR,Net_TVaR,Capital_Reduction,Capital_Reduction_Pct,Capital_Impact_Ratio,ROAC,Accretive,Allocated_Capital
PropCat_XL,6441,3984,0.6185374941779227,451277.89447050425,391277.89447050425,60000.0,13.295577012563292,9.315323707498836,0.0186230866290881,False,396206.5338718774
Specialty_Casualty,3500,2990,0.8542857142857143,73604.79307912945,55203.59480934709,18401.198269782362,25.0,5.257485219937818,0.0025304051776493,False,11045.677091192196
Marine_Hull_Cargo,3262,1763,0.5404659717964438,80742.8315203346,75742.8315203346,5000.0,6.1925001958109185,1.5328019619865114,0.1442341140569464,True,11215.730698697353
Political_Violence,3710,2570,0.692722371967655,634132.8542710197,372479.71256261185,261653.14170840784,41.261565292843336,70.52645329067597,0.0036952821191966,False,325556.1935199397
Energy,5176,2982,0.5761205564142194,135221.08330498476,113221.08330498474,22000.000000000015,16.269652233431717,4.250386398763527,0.1012933985540472,False,14882.167698482155
Cyber,1680,1199,0.7136904761904762,27582.941790089993,19308.059253063002,8274.882537026991,29.999999999999975,4.925525319658924,0.1226902326513027,True,4521.028633055482
