LoB,GWP,Net_Premium,Net_Mean_Loss,Loss_Ratio,Expected_Margin,Allocated_Capital,Profit_Before_CoC,Cost_of_Capital,Net_Profit,ROAC,Accretive
PropCat_XL,25000,25000,6111.2198152892815,0.24444879261157126,0.40555120738842876,396206.5338718774,10138.780184710718,47544.78406462529,-37406.00387991457,0.02558963398617078,False
Specialty_Casualty,20000,20000,8973.417288162882,0.4486708644081441,0.20132913559185595,11045.677091192196,4026.582711837119,1325.4812509430635,2701.1014608940554,0.36453923816475764,True
Marine_Hull_Cargo,15000,15000,6601.501329972165,0.440100088664811,0.20989991133518904,11215.730698697353,3148.4986700278355,1345.8876838436822,1802.6109861841533,0.2807216716066049,True
Political_Violence,12000,12000,3674.8926682352867,0.3062410556862739,0.3437589443137261,325556.1935199397,4125.107331764713,39066.74322239277,-34941.63589062805,0.01267095332195564,False
Energy,18000,18000,7507.641157731478,0.41709117542952656,0.23290882457047346,14882.167698482155,4192.3588422685225,1785.8601238178585,2406.498718450664,0.2817035076614615,True
Cyber,8000,8000,2488.3710015995525,0.31104637519994405,0.338953624800056,4521.028633055482,2711.628998400448,542.5234359666578,2169.10556243379,0.5997814255309918,True
