LoB,Current_Allocation_GBPk,Tail_Dependence_Factor,Adjusted_Allocation_GBPk
PropCat_XL,364112.27298834804,1.25,455140.34123543504
Specialty_Casualty,16583.121872207368,1.0,16583.121872207368
Marine_Hull_Cargo,19602.286230050424,1.15,22542.629164557984
Political_Violence,543933.8817069373,1.3,707114.0462190185
Energy,40812.50771218374,1.2,48975.00925462048
Cyber,6590.228348705135,1.5,9885.342523057703
