LoB,Allocated_Capital_Premium,Reserve_Loading_Factor,Allocated_Capital_Adjusted,Standalone_TVaR_Premium,Standalone_TVaR_Adjusted,Standalone_VaR,Div_Benefit_GBPk,Div_Benefit_Pct,GWP,Capital_Intensity
PropCat_XL,334553.89185915893,1.05,351281.5864521169,391277.8944705043,410841.7891940295,115741.40859280492,59560.202741912624,14.497114049365592,25000,14.051263458084676
Specialty_Casualty,12430.33586981772,1.45,18023.987011235695,55203.59480934709,80045.21247355327,43461.38748130148,62021.225462317576,77.48274199760445,20000,0.9011993505617848
Marine_Hull_Cargo,19459.92356837413,1.25,24324.904460467664,75742.8315203346,94678.53940041825,51245.10256246605,70353.63493995059,74.3079005923488,15000,1.621660297364511
Political_Violence,308156.9953110864,1.1,338972.6948421951,372479.71256261185,409727.6838188731,55213.3738521385,70754.988976678,17.268784065847115,12000,28.247724570182925
Energy,37456.46781948457,1.3,48693.40816532994,113221.08330498474,147187.40829648016,69475.51955705724,98494.00013115021,66.91740908485416,18000,2.70518934251833
Cyber,4613.082302950462,1.15,5305.044648393031,19308.059253063,22204.268141022447,14600.051057140845,16899.223492629415,76.10799592808038,8000,0.6631305810491288
