LoB,Capital_Base,Capital_Final,Adjustment_Pct
PropCat_XL,205548.54939638267,248199.87339613205,20.74999999999998
Specialty_Casualty,9016.45378271195,13073.857984932327,44.99999999999999
Marine_Hull_Cargo,14478.52634719335,19907.973727390858,37.5
Political_Violence,626236.1433894989,792188.7213877161,26.49999999999999
Energy,36876.73579283747,55130.72001029201,49.499999999999986
Cyber,2952.564994593868,10186.349231348844,244.99999999999997
