LoB,From_Level,To_Level,Allocation_Low,Allocation_High,Change_%
PropCat_XL,95.0%,99.0%,85223.84102204078,241310.31522050317,183.1488376100004
Political_Violence,95.0%,99.0%,74800.17617684345,297822.0889735724,298.1569351781444
PropCat_XL,99.0%,99.5%,241310.31522050317,364838.36691333697,51.19053927717804
Political_Violence,99.0%,99.5%,297822.0889735724,542935.6197474255,82.30199835701359
PropCat_XL,99.6%,99.9%,414215.8963484524,858920.8430901016,107.36066642105601
Political_Violence,99.6%,99.9%,658359.4915534105,2080818.5019700136,216.06113812687454
