LoB,Mean_Loss,Standalone_TVaR,Allocated_Capital,Wang_EL,Risk_Loading,Implied_ROAC_Pct,GWP,Loading_Pct_GWP
PropCat_XL,12753.164659735377,451277.8944705043,364838.36691333697,49039.267398226904,36286.10273849153,9.945802313908192,25000,145.14441095396612
Specialty_Casualty,11958.061618340127,73604.79307912945,16471.117674967154,21808.577646737416,9850.51602839729,59.8047820602249,20000,49.25258014198645
Marine_Hull_Cargo,7956.616953462193,80742.8315203346,19809.46463013421,17682.301689591004,9725.684736128811,49.09615134845226,15000,64.83789824085873
Political_Violence,5751.120633453225,634132.8542710197,542935.6197474255,56980.35138296669,51229.23074951347,9.435599523447252,12000,426.9102562459455
Energy,9987.852501315301,135221.08330498476,41023.15662381069,25045.797768182674,15057.945266867373,36.70596440188961,18000,83.65525148259651
Cyber,3980.7543307553274,27582.941790089993,6594.682431376149,8176.443444891808,4195.689114136481,63.62230718152934,8000,52.44611392670602
