LoB,Basis,Mean_Loss,TVaR_Premium,Allocated_Capital_Adjusted,Wang_EL,Risk_Loading,Implied_ROAC_Pct,GWP
PropCat_XL,Gross,12753.164659735377,451277.8944705043,383080.2852590038,74602.2450231381,61849.08036340272,16.145200560656896,25000
Specialty_Casualty,Gross,11958.061618340127,73604.79307912945,23883.120628702374,25752.374231431455,13794.312613091328,57.75758045836577,20000
Marine_Hull_Cargo,Gross,7956.616953462193,80742.8315203346,24761.830787667765,22029.450643269847,14072.833689807654,56.83276737686296,15000
Political_Violence,Gross,5751.120633453225,634132.8542710197,597229.1817221681,104756.47221865634,99005.35158520311,16.57744708651235,12000
Energy,Gross,9987.852501315301,135221.08330498476,53330.1036109539,32192.579164462994,22204.726663147692,41.63638388016723,18000
Cyber,Gross,3980.7543307553274,27582.941790089993,7583.884796082571,9837.28941123574,5856.535080480413,77.22341831333706,8000
