LoB,GWP,Net_Premium,Net_Mean_Loss,Loss_Ratio,Expected_Margin,Allocated_Capital,Cost_of_Capital,Net_Profit,ROAC,Accretive,Allocated_Capital_Net,Allocated_Capital_Gross,Standalone_TVaR_Net,Standalone_TVaR_Gross,RI_Premium,Gross_Mean_Loss,Expected_Recovery,RI_Efficiency,Ceded_Profit,Gross_Expected_Margin,Cost_of_Capital_Rate,Hurdle_Capital,Ceded_EP,Ceded_HP,RI_Efficiency_Ratio
PropCat_XL,25000,25000.0,8769.573889808298,0.3507829555923319,6230.426110191702,334553.891859159,40146.467023099074,-33916.040912907374,0.0186230866290881,False,396206.5338718774,406375.5965044306,467938.8994178293,527938.8994178292,6441.0,12753.0,3984.0,0.62,2457.0,2247.0,0.12,-282633.6742742281,2457.0,10169.062632553163,0.2416151899915201
Specialty_Casualty,20000,15000.0,8968.546213755093,0.5979030809170062,31.45378624490695,12430.33586981772,1491.6403043781263,-1460.1865181332194,0.0025304051776493,False,11045.677091192196,14778.635045208875,39025.46016904232,52033.94689205643,3500.0,11958.0,2990.0,0.85,510.0,42.0,0.12,-12168.220984443495,510.0,3732.9579540166797,0.13662087981763568
Marine_Hull_Cargo,15000,15000.0,6193.215164499667,0.4128810109666444,2806.784835500333,19459.92356837413,2335.190828204896,471.5940072954377,0.1442341140569464,True,11215.730698697353,15252.312896967323,49248.3195477408,54248.3195477408,3262.0,7957.0,1763.0,0.54,1499.0,1043.0,0.12,3929.950060795314,1499.0,4036.582198269971,0.37135376572845535
Political_Violence,12000,7200.0,3181.2729653215783,0.4418434674057748,1138.7270346784217,308156.9953110864,36978.83943733037,-35840.11240265195,0.0036952821191966,False,325556.19351993967,587115.6879992749,419725.1584446152,712875.2640743586,3710.0,5751.0,2570.0,0.69,1140.0,1449.0,0.12,-298667.6033554329,1140.0,261559.49447933526,0.004358473020714859
Energy,18000,18000.0,7005.9070767341045,0.3892170598185613,3794.092923265896,37456.46781948457,4494.7761383381485,-700.6832150722521,0.1012933985540472,False,14882.167698482155,23360.89130616409,67110.28378909099,89110.28378909099,5176.0,9988.0,2982.0,0.58,2194.0,812.0,0.12,-5839.026792268768,2194.0,8478.723607681934,0.25876536392956384
Cyber,8000,5600.0,2796.840200613814,0.4994357501096096,563.159799386186,4590.094803933901,550.8113764720681,12.348422914117918,0.1226902326513027,True,4521.028633055482,6415.805885543903,24244.63940828642,34635.199154694885,1680.0,3995.0,1199.0,0.71,481.0,805.0,0.12,102.90352428431599,481.0,1894.7772524884213,0.25385569695239907
