Measure,Value_GBPk,Diff_from_TVaR_%,Calibration_Param
TVaR @ 99.5%,451277.8944705043,0.0,alpha = 0.995
Wang Transform,27007.640954063256,-94.01529716279322,lambda = 0.5
Wang Transform,63202.456717851644,-85.9947811554101,lambda = 1.0
Power Distortion,37557.72115084412,-91.67747376704291,theta = 0.5
Power Distortion,90414.82522401305,-79.96471213594474,theta = 1.0
Dual Power,16968.564712204578,-96.23988568460368,gamma = 0.5
Dual Power,20572.805485998753,-95.44121133827366,gamma = 1.0
