Measure,Value_GBPk,Pct_Diff_from_TVaR,Calibrated_Param
TVaR @ 99.5%,451277.8944705043,0.0,alpha=0.995
Wang Transform,49039.267398226904,-89.13324406111983,lambda=0.854865
Power Distortion,46658.55205858823,-89.66079379683912,theta=0.608852
Dual Power,50850.46146983614,-88.7318962233902,gamma=7.034481
Expected Value,12753.164659735377,-97.17398861854313,N/A
