Measure,Value_GBPk,Pct_Diff_from_TVaR
TVaR @ 99.5%,451277.8944705043,0.0
Wang Transform,49039.267398226904,-89.13324406111983
Power Distortion,46658.55205858823,-89.66079379683912
Dual Power,50850.46146983614,-88.7318962233902
Expected Value,12753.164659735377,-97.17398861854313
