LoB,CV,TVaR (£k),Wang Error %,Power Error %,Dual Error %
PropCat_XL,6.00036797429854,527938.8994178292,0.00019647261961594012,-5.954940453777453e-05,-59.97264851136882
Specialty_Casualty,0.601828665833691,52033.94689205643,-27.6467411501273,-44.81596835786951,-30.207309761145755
Marine_Hull_Cargo,0.794245217000821,54248.3195477408,-29.92526595527386,-48.74473468583395,-34.38774530786407
Political_Violence,21.34656445185429,712875.2640743586,64.38118014149128,93.31927663125272,-66.99266383938624
Energy,0.997287690132837,89110.28378909099,-30.811369284147073,-47.96500030911533,-38.27246766616637
Cyber,1.267619397518851,34635.199154694885,-22.080373122644918,-37.30622391974566,-40.67557935808595
