LoB,Allocation_99.0%,Allocation_99.5%,Allocation_99.9%,Smoothed_Allocation,Change_from_99.5%,Change_%,Range,Instability_%
PropCat_XL,241310.31522050317,364838.36691333697,858920.8430901016,457476.9730343197,92638.60612098273,25.39168424218606,617610.5278695985,169.2833275992337
Specialty_Casualty,17662.38067127456,16471.117674967154,15788.686739873143,16598.325690270503,127.20801530334938,0.7723095530832158,-1873.693931401418,-11.375633204594626
Marine_Hull_Cargo,21969.331509506344,19809.46463013421,17487.502547454038,19768.9408293072,-40.523800827009836,-0.20456787492058176,-4481.828962052306,-22.624684945975453
Political_Violence,297822.0889735724,542935.6197474255,2080818.5019700136,866127.9576096092,323192.3378621837,59.52682530067437,1782996.4129964411,328.3992333798055
Energy,44744.0633534023,41023.15662381069,30663.629800204766,39363.501600307114,-1659.6550235035756,-4.045654113658034,-14080.433553197534,-34.32313530213557
Cyber,6876.843749344984,6594.682431376149,7001.662003030305,6766.967653781897,172.28522240574785,2.6124870181170516,124.818253685321,1.8927106040991646
