LoB,GWP,Net_Premium,Net_Mean_Loss,Loss_Ratio,Expected_Margin,Allocated_Capital,Cost_of_Capital,Net_Profit,ROAC,Accretive
PropCat_XL,25000,25000.0,8769.573889808298,0.3507829555923319,6230.426110191702,334553.891859159,40146.467023099074,-33916.040912907374,0.018623086629088136,False
Specialty_Casualty,20000,15000.0,8968.546213755093,0.5979030809170062,31.45378624490695,12430.33586981772,1491.6403043781263,-1460.1865181332194,0.0025304051776493305,False
Marine_Hull_Cargo,15000,15000.0,6193.215164499667,0.4128810109666444,2806.7848355003334,19459.92356837413,2335.1908282048958,471.5940072954377,0.1442341140569464,True
Political_Violence,12000,7200.0,3181.2729653215783,0.4418434674057748,1138.7270346784217,308156.9953110864,36978.83943733037,-35840.11240265195,0.0036952821191966437,False
Energy,18000,18000.0,7005.9070767341045,0.38921705981856136,3794.0929232658964,37456.46781948457,4494.7761383381485,-700.6832150722521,0.10129339855404727,False
Cyber,8000,5600.0,2796.840200613814,0.49943575010960967,563.159799386186,4590.094803933901,550.8113764720681,12.348422914117918,0.12269023265130272,True
