LoB,GWP,Allocated_Capital,Standalone_TVaR,Diversification_Benefit,Div_Benefit_%
PropCat_XL,25000,396206.5338718774,467938.8994178293,71732.36554595188,15.32942989676544
Specialty_Casualty,20000,11045.677091192196,39025.46016904232,27979.783077850127,71.69622845356123
Marine_Hull_Cargo,15000,11215.730698697353,49248.3195477408,38032.588849043444,77.22616568099355
Political_Violence,12000,325556.1935199397,419725.15844461514,94168.96492467541,22.435863809936826
Energy,18000,14882.167698482155,67110.28378909099,52228.11609060883,77.82431118120037
Cyber,8000,4521.028633055482,24244.63940828642,19723.61077523094,81.35246081857474
