LoB,Allocated_Capital_Gross,Standalone_TVaR_Gross,Standalone_VaR_Gross,Diversification_Benefit_Gross,Diversification_Benefit_%_Gross,Allocated_Capital_Net,Standalone_TVaR_Net,Standalone_VaR_Net,Diversification_Benefit_Net,Diversification_Benefit_%_Net
PropCat_XL,406375.5965044306,527938.8994178292,238440.86505272862,121563.30291339866,23.026017413653246,396206.5338718774,467938.8994178293,178440.86505272862,71732.36554595188,15.32942989676544
Specialty_Casualty,14778.635045208875,52033.94689205643,43276.61917928301,37255.31184684756,71.59808946289063,11045.677091192196,39025.46016904232,32457.464384462255,27979.783077850127,71.69622845356123
Marine_Hull_Cargo,15252.312896967325,54248.3195477408,41863.24314071147,38996.006650773474,71.8842666019458,11215.730698697353,49248.3195477408,36863.24314071147,38032.588849043444,77.22616568099355
Political_Violence,587115.6879992749,712875.2640743586,182565.85966016218,125759.57607508369,17.641175450010557,325556.19351993967,419725.15844461514,101539.51579609732,94168.96492467547,22.43586380993684
Energy,23360.89130616409,89110.28378909099,66733.27971860279,65749.3924829269,73.7842925498303,14882.167698482155,67110.28378909099,44733.27971860279,52228.11609060883,77.82431118120037
Cyber,6415.805885543903,34635.199154694885,23861.253437111096,28219.393269150984,81.47605314209886,4521.028633055482,24244.63940828642,16702.877405977768,19723.61077523094,81.35246081857474
